threshold,threshold_err,pvalue,pvalue_err,sigma
0.0118740728089999,7.252874299999999e-05,1.3498312710911137e-06,3.896627238625146e-07,4.692
0.012019130295,7.252874299999999e-05,1.124859392575928e-06,3.5571177279734305e-07,4.73
0.0121641877809999,7.252874299999999e-05,1.0123734533183353e-06,3.374578177727784e-07,4.751
0.0125993602389999,7.252874299999999e-05,8.998875140607424e-07,3.181582817487279e-07,4.775
0.0127444177249999,7.252874299999999e-05,7.874015748031496e-07,2.9760982126710804e-07,4.802
0.0130345326969999,7.252874299999999e-05,5.62429696287964e-07,2.5152620669288976e-07,4.868
0.0137598201269999,7.252874299999999e-05,4.499437570303712e-07,2.249718785151856e-07,4.912
0.0139048776129999,7.252874299999999e-05,2.249718785151856e-07,1.5907914087436394e-07,5.047
0.0140499350989999,7.252874299999999e-05,1.124859392575928e-07,1.124859392575928e-07,5.177